7;Pulp Fiction: Tempo de Violência;1994;8.9;1879230.0;1.6725147E7;
2;O Poderoso Chefão;1972;9.2;1675015.0;1.5410137999999998E7;
