3;Batman: O Cavaleiro das Trevas;2008;9.0;2378826.0;2.1409434E7;
2;O Poderoso Chefão;1972;9.2;1674603.0;1.54063476E7;
